Security Code,Security Name,Company Name,Ex Date,Purpose,Record Date,BC Start Date, BC End Date	,ND Start Date,ND End Date,Actual Payment Date
532915,RELIGARE,Religare Enterprises Ltd,15 Jan 2010,Right Issue of Equity Shares ,18 Jan 2010,-,-,11 Jan 2010,15 Jan 2010,-
505192,SMLISUZU,SML Isuzu Ltd,09 Feb 2010,Right Issue of Equity Shares ,10 Feb 2010,-,-,03 Feb 2010,09 Feb 2010,-
506520,JAYCH,Jayshree Chemicals Ltd,17 Feb 2010,Right Issue of Equity Shares ,18 Feb 2010,-,-,10 Feb 2010,17 Feb 2010,-
506194,ARIHANTSUP,Arihant Superstructures Ltd,19 Feb 2010,Right Issue of Equity Shares ,05 Mar 2010,-,-,19 Feb 2010,10 Mar 2010,-
506134,GOURMET,Gourmet Gateway India Ltd,02 Mar 2010,Right Issue of Equity Shares ,03 Mar 2010,-,-,23 Feb 2010,02 Mar 2010,-
505285,TULIVE,Tulive Developers Ltd,05 Mar 2010,Right Issue of Equity Shares ,19 Mar 2010,-,-,05 Mar 2010,23 Mar 2010,-
511389,VIDEOIND,Videocon Industries Ltd,18 Mar 2010,Right Issue of Equity Shares ,-,22 Mar 2010,30 Mar 2010,12 Mar 2010,19 Mar 2010,-
512599,ADANIENT,Adani Enterprises Ltd,23 Mar 2010,Right Issue of Equity Shares ,25 Mar 2010,-,-,17 Mar 2010,23 Mar 2010,-
533100,PEIL,Premier Energy and Infrastructure Ltd,06 May 2010,Right Issue of Equity Shares ,07 May 2010,-,-,30 Apr 2010,06 May 2010,-
531216,COMFINTE,Comfort Intech Ltd,02 Jun 2010,Right Issue of Equity Shares ,03 Jun 2010,-,-,26 May 2010,02 Jun 2010,-
532667,SUZLON,Suzlon Energy Ltd,09 Jun 2010,Right Issue of Equity Shares ,10 Jun 2010,-,-,03 Jun 2010,09 Jun 2010,-
506480,GOCLCORP,GOCL Corporation Ltd,27 Jul 2010,Right Issue of Equity Shares ,-,29 Jul 2010,29 Jul 2010,22 Jul 2010,28 Jul 2010,-
532834,CAMLINFINE,Camlin Fine Sciences Ltd,30 Jul 2010,Right Issue of Equity Shares ,02 Aug 2010,-,-,26 Jul 2010,30 Jul 2010,-
515037,MURUDCERA,Murudeshwar Ceramics Ltd,19 Oct 2010,Right Issue of Equity Shares ,20 Oct 2010,-,-,13 Oct 2010,19 Oct 2010,-
524520,KMCSHIL,KMC Speciality Hospitals (India) Ltd,06 Jan 2011,Right Issue of Equity Shares ,18 Jan 2011,-,-,06 Jan 2011,21 Jan 2011,-
590003,KARURVYSYA,Karur Vysya Bank Ltd,17 Feb 2011,Right Issue of Equity Shares ,18 Feb 2011,-,-,10 Feb 2011,17 Feb 2011,-
500840,EIHOTEL,EIH Ltd,21 Feb 2011,Right Issue of Equity Shares ,22 Feb 2011,-,-,14 Feb 2011,21 Feb 2011,-
532652,KTKBANK,Karnataka Bank Ltd,25 Feb 2011,Right Issue of Equity Shares ,28 Feb 2011,-,-,21 Feb 2011,25 Feb 2011,-
523550,KRYPTONQ,Krypton Industries Ltd,10 Mar 2011,Right Issue of Equity Shares ,11 Mar 2011,-,-,04 Mar 2011,10 Mar 2011,-
513629,TULSYAN,Tulsyan NEC Ltd,10 Mar 2011,Right Issue of Equity Shares ,12 Mar 2011,-,-,07 Mar 2011,10 Mar 2011,-
532885,CENTRALBK,Central Bank of India,17 Mar 2011,Right Issue of Equity Shares ,18 Mar 2011,-,-,11 Mar 2011,17 Mar 2011,-
531591,BAMPSL,Bampsl Securities Ltd,19 Apr 2011,Right Issue of Equity Shares ,20 Apr 2011,-,-,11 Apr 2011,19 Apr 2011,-
511766,MUTHOOTCAP,Muthoot Capital Services Ltd,24 May 2011,Right Issue of Equity Shares ,25 May 2011,-,-,18 May 2011,24 May 2011,-
520119,ASAL,Automotive Stampings and Assemblies Ltd,09 Jun 2011,Right Issue of Equity Shares ,10 Jun 2011,-,-,03 Jun 2011,09 Jun 2011,-
531144,ELFORGE,El Forge Ltd,29 Jun 2011,Right Issue of Equity Shares ,30 Jun 2011,-,-,23 Jun 2011,28 Jun 2011,-
532162,JKPAPER,JK Paper Ltd,26 Jul 2011,Right Issue of Equity Shares ,27 Jul 2011,-,-,20 Jul 2011,26 Jul 2011,-
526755,VELHO,Velan Hotels Ltd,08 Aug 2011,Right Issue of Equity Shares ,-,10 Aug 2011,12 Aug 2011,03 Aug 2011,09 Aug 2011,-
531795,ATULAUTO,Atul Auto Ltd,02 Sep 2011,Right Issue of Equity Shares ,05 Sep 2011,-,-,25 Aug 2011,02 Sep 2011,-
500032,BAJAJHIND,Bajaj Hindusthan Sugar Ltd,21 Sep 2011,Right Issue of Equity Shares ,22 Sep 2011,-,-,15 Sep 2011,21 Sep 2011,-
505232,VELJAN,Veljan Denison Ltd,04 Oct 2011,Right Issue of Equity Shares ,05 Oct 2011,-,-,30 Sep 2011,04 Oct 2011,-
524412,AAREYDRUGS,Aarey Drugs & Pharmaceuticals Ltd,19 Jan 2012,Right Issue of Equity Shares ,20 Jan 2012,-,-,13 Jan 2012,19 Jan 2012,-
532767,GAYAPROJ,Gayatri Projects Ltd,22 Feb 2012,Right Issue of Equity Shares ,23 Feb 2012,-,-,15 Feb 2012,22 Feb 2012,-
533007,LGBFORGE,LGB Forge Ltd,20 Mar 2012,Right Issue of Equity Shares ,21 Mar 2012,-,-,14 Mar 2012,20 Mar 2012,-
524558,NEULANDLAB,Neuland Laboratories Ltd,21 Mar 2012,Right Issue of Equity Shares ,23 Mar 2012,-,-,16 Mar 2012,21 Mar 2012,-
506194,ARIHANTSUP,Arihant Superstructures Ltd,30 Apr 2012,Right Issue of Equity Shares ,02 May 2012,-,-,24 Apr 2012,30 Apr 2012,-
523754,MAHEPC,Mahindra EPC Irrigation Ltd,02 May 2012,Right Issue of Equity Shares ,03 May 2012,-,-,26 Apr 2012,02 May 2012,-
507813,NOL,National Oxygen Ltd,26 Jun 2012,Right Issue of Equity Shares ,27 Jun 2012,-,-,20 Jun 2012,26 Jun 2012,-
521113,SUDTIND-B,Suditi Industries Ltd,24 Jul 2012,Right Issue of Equity Shares ,25 Jul 2012,-,-,18 Jul 2012,24 Jul 2012,-
532872,SPARC,Sun Pharma Advanced Research Company Ltd,23 Aug 2012,Right Issue of Equity Shares ,-,25 Aug 2012,27 Aug 2012,17 Aug 2012,23 Aug 2012,-
532729,UTTAMSUGAR,Uttam Sugar Mills Ltd,05 Sep 2012,Right Issue of Equity Shares ,-,07 Sep 2012,07 Sep 2012,31 Aug 2012,05 Sep 2012,-
532978,BAJAJFINSV,Bajaj Finserv Ltd,06 Sep 2012,Right Issue of Equity Shares ,08 Sep 2012,-,-,03 Sep 2012,06 Sep 2012,-
523127,EIHAHOTELS,EIH Associated Hotels Ltd,11 Sep 2012,Right Issue of Equity Shares ,12 Sep 2012,-,-,06 Sep 2012,11 Sep 2012,-
532798,NETWORK18,Network 18 Media & Investments Ltd,11 Sep 2012,Right Issue of Equity Shares ,12 Sep 2012,-,-,06 Sep 2012,11 Sep 2012,-
532210,CUB,City Union Bank Ltd,22 Nov 2012,Right Issue of Equity Shares ,23 Nov 2012,-,-,16 Nov 2012,22 Nov 2012,-
500034,BAJFINANCE,Bajaj Finance Ltd,23 Jan 2013,Right Issue of Equity Shares ,25 Jan 2013,-,-,18 Jan 2013,23 Jan 2013,-
521070,ALOKINDS,Alok Industries Ltd,15 Feb 2013,Right Issue of Equity Shares ,19 Feb 2013,-,-,12 Feb 2013,15 Feb 2013,-
523398,JCHAC,Johnson Controls-Hitachi Air Conditioning India Ltd,05 Mar 2013,Right Issue of Equity Shares ,06 Mar 2013,-,-,27 Feb 2013,05 Mar 2013,-
512267,MMWL,Media Matrix Worldwide Ltd,18 Mar 2013,Right Issue of Equity Shares ,19 Mar 2013,-,-,12 Mar 2013,18 Mar 2013,-
502937,KESORAMIND,Kesoram Industries Ltd,15 May 2013,Right Issue of Equity Shares ,16 May 2013,-,-,09 May 2013,15 May 2013,-
501148,DSINVEST,Dalal Street Investments Ltd,10 Jun 2013,Right Issue of Equity Shares ,11 Jun 2013,-,-,04 Jun 2013,10 Jun 2013,-
515030,ASAHIINDIA,Asahi India Glass Ltd,26 Jul 2013,Right Issue of Equity Shares ,-,30 Jul 2013,30 Jul 2013,23 Jul 2013,29 Jul 2013,-
523207,KOKUYOCMLN,Kokuyo Camlin Ltd,01 Aug 2013,Right Issue of Equity Shares ,02 Aug 2013,-,-,26 Jul 2013,01 Aug 2013,-
533150,GODREJPROP,Godrej Properties Ltd,19 Aug 2013,Right Issue of Equity Shares ,20 Aug 2013,-,-,12 Aug 2013,19 Aug 2013,-
523660,WATERBASE,Waterbase Ltd,11 Sep 2013,Right Issue of Equity Shares ,12 Sep 2013,-,-,04 Sep 2013,11 Sep 2013,-
500429,UNIENTER,Uniphos Enterprises Ltd,18 Sep 2013,Right Issue of Equity Shares ,19 Sep 2013,-,-,12 Sep 2013,18 Sep 2013,-
533167,COROENGG,Coromandel Engineering Company Ltd,13 Jan 2014,Right Issue of Equity Shares ,15 Jan 2014,-,-,08 Jan 2014,14 Jan 2014,-
500460,MUKANDLTD,Mukand Ltd,10 Feb 2014,Right Issue of Equity Shares ,11 Feb 2014,-,-,04 Feb 2014,10 Feb 2014,-
590073,WHEELS,Wheels India Ltd,13 Feb 2014,Right Issue of Equity Shares ,14 Feb 2014,-,-,07 Feb 2014,13 Feb 2014,-
532751,EASUNREYRL,Easun Reyrolle Ltd,13 Mar 2014,Right Issue of Equity Shares ,17 Mar 2014,-,-,10 Mar 2014,13 Mar 2014,-
533177,IL&FSTRANS,IL&FS Transportation Networks Ltd,13 Mar 2014,Right Issue of Equity Shares ,14 Mar 2014,-,-,07 Mar 2014,13 Mar 2014,-
530579,UYFINCORP,U. Y. Fincorp Ltd,18 Mar 2014,Right Issue of Equity Shares ,19 Mar 2014,-,-,11 Mar 2014,18 Mar 2014,-
500400,TATAPOWER,Tata Power Company Ltd,19 Mar 2014,Right Issue of Equity Shares ,20 Mar 2014,-,-,12 Mar 2014,19 Mar 2014,-
537536,DENISCHEM,Denis Chem Lab Ltd,27 Mar 2014,Right Issue of Equity Shares ,29 Mar 2014,-,-,24 Mar 2014,26 Mar 2014,-
534839,EFPL,Eco Friendly Food Processing Park Ltd,16 Apr 2014,Right Issue of Equity Shares ,17 Apr 2014,-,-,09 Apr 2014,16 Apr 2014,-
532370,RAMCOSYS,Ramco Systems Ltd,22 Apr 2014,Right Issue of Equity Shares ,23 Apr 2014,-,-,15 Apr 2014,22 Apr 2014,-
524558,NEULANDLAB,Neuland Laboratories Ltd,13 Aug 2014,Right Issue of Equity Shares ,14 Aug 2014,-,-,07 Aug 2014,12 Aug 2014,-
500279,MIRCELECTR,Mirc Electronics Ltd,18 Sep 2014,Right Issue of Equity Shares ,-,22 Sep 2014,22 Sep 2014,15 Sep 2014,19 Sep 2014,-
500294,NCC,NCC Ltd,18 Sep 2014,Right Issue of Equity Shares ,19 Sep 2014,-,-,12 Sep 2014,18 Sep 2014,-
523574,FEL,Future Enterprises Ltd,18 Nov 2014,Right Issue of Equity Shares ,19 Nov 2014,-,-,12 Nov 2014,18 Nov 2014,-
570002,FELDVR,Future Enterprises Ltd_DVR,18 Nov 2014,Right Issue of Equity Shares ,19 Nov 2014,-,-,12 Nov 2014,18 Nov 2014,-
535142,CNEL,Channel Nine Entertainment Ltd,20 Nov 2014,Right Issue of Equity Shares ,21 Nov 2014,-,-,14 Nov 2014,20 Nov 2014,-
504273,MODULEX,Modulex Construction Technologies Ltd,16 Dec 2014,Right Issue of Equity Shares ,19 Dec 2014,-,-,16 Dec 2014,23 Dec 2014,-
512345,YASTF,Yash Trading & Finance Ltd,18 Dec 2014,Right Issue of Equity Shares ,19 Dec 2014,-,-,16 Dec 2014,18 Dec 2014,-
511196,CANFINHOME,Can Fin Homes Ltd,23 Jan 2015,Right Issue of Equity Shares ,27 Jan 2015,-,-,19 Jan 2015,23 Jan 2015,-
532754,GMRAIRPORT,GMR Airports Ltd,11 Mar 2015,Right Issue of Equity Shares ,12 Mar 2015,-,-,04 Mar 2015,11 Mar 2015,-
532794,ZEEMEDIA,Zee Media Corporation Ltd,16 Mar 2015,Right Issue of Equity Shares ,17 Mar 2015,-,-,10 Mar 2015,16 Mar 2015,-
500570,TATAMOTORS,Tata Motors Ltd,06 Apr 2015,Right Issue of Equity Shares ,-,08 Apr 2015,08 Apr 2015,27 Mar 2015,07 Apr 2015,-
533156,VASCONEQ,Vascon Engineers Ltd,23 Jun 2015,Right Issue of Equity Shares ,24 Jun 2015,-,-,17 Jun 2015,23 Jun 2015,-
512068,DECNGOLD,Deccan Gold Mines Ltd,03 Sep 2015,Right Issue of Equity Shares ,05 Sep 2015,-,-,01 Sep 2015,03 Sep 2015,-
514358,EVERFIN,Everlon Financials Ltd,07 Sep 2015,Right Issue of Equity Shares ,-,09 Sep 2015,15 Sep 2015,02 Sep 2015,08 Sep 2015,-
504212,UNIVCABLES,Universal Cables Ltd,16 Sep 2015,Right Issue of Equity Shares ,18 Sep 2015,-,-,10 Sep 2015,16 Sep 2015,-
524019,KINGFA,Kingfa Science & Technology (India) Ltd,22 Sep 2015,Right Issue of Equity Shares ,-,24 Sep 2015,28 Sep 2015,16 Sep 2015,23 Sep 2015,-
533177,IL&FSTRANS,IL&FS Transportation Networks Ltd,07 Oct 2015,Right Issue of Equity Shares ,08 Oct 2015,-,-,30 Sep 2015,07 Oct 2015,-
514286,ASHIMASYN,Ashima Ltd,30 Oct 2015,Right Issue of Equity Shares ,02 Nov 2015,-,-,26 Oct 2015,30 Oct 2015,-
523019,BNRSEC,BN Rathi Securities Ltd,14 Jan 2016,Right Issue of Equity Shares ,15 Jan 2016,-,-,08 Jan 2016,14 Jan 2016,-
530023,THEINVEST,The Investment Trust Of India Ltd,08 Feb 2016,Right Issue of Equity Shares ,09 Feb 2016,-,-,02 Feb 2016,08 Feb 2016,-
532872,SPARC,Sun Pharma Advanced Research Company Ltd,16 Mar 2016,Right Issue of Equity Shares ,17 Mar 2016,-,-,10 Mar 2016,16 Mar 2016,-
507645,POLSON,Polson Ltd,05 Apr 2016,Right Issue of Equity Shares ,06 Apr 2016,-,-,30 Mar 2016,05 Apr 2016,-
518091,APCL,Anjani Portland Cement Ltd,17 May 2016,Right Issue of Equity Shares ,18 May 2016,-,-,11 May 2016,17 May 2016,-
511413,CREST,Crest Ventures Ltd,15 Sep 2016,Right Issue of Equity Shares ,16 Sep 2016,-,-,08 Sep 2016,15 Sep 2016,-
532652,KTKBANK,Karnataka Bank Ltd,24 Oct 2016,Right Issue of Equity Shares ,25 Oct 2016,-,-,18 Oct 2016,24 Oct 2016,-
533407,TRUEGREEN,True Green Bio Energy Ltd,24 Oct 2016,Right Issue of Equity Shares ,25 Oct 2016,-,-,18 Oct 2016,24 Oct 2016,-
502420,ORIENTPPR,Orient Paper & Industries Ltd,18 Nov 2016,Right Issue of Equity Shares ,21 Nov 2016,-,-,11 Nov 2016,18 Nov 2016,-
523638,IPRINGLTD,IP Rings Ltd,16 Jan 2017,Right Issue of Equity Shares ,17 Jan 2017,-,-,13 Jan 2017,16 Jan 2017,-
524640,ARCHITORG,Archit Organosys Ltd,09 Feb 2017,Right Issue of Equity Shares ,11 Feb 2017,-,-,06 Feb 2017,09 Feb 2017,-
532218,SOUTHBANK,South Indian Bank Ltd,16 Feb 2017,Right Issue of Equity Shares ,17 Feb 2017,-,-,10 Feb 2017,16 Feb 2017,-
532483,CANBK,Canara Bank,17 Feb 2017,Right Issue of Equity Shares ,20 Feb 2017,-,-,13 Feb 2017,16 Feb 2017,-
538598,VISHAL,Vishal Fabrics Ltd,02 Mar 2017,Right Issue of Equity Shares ,03 Mar 2017,-,-,23 Feb 2017,02 Mar 2017,-
524019,KINGFA,Kingfa Science & Technology (India) Ltd,09 Mar 2017,Right Issue of Equity Shares ,10 Mar 2017,-,-,03 Mar 2017,09 Mar 2017,-
532313,MAHLIFE,Mahindra Lifespace Developers Ltd,30 Mar 2017,Right Issue of Equity Shares ,31 Mar 2017,-,-,23 Mar 2017,30 Mar 2017,-
534392,VSSL,Vardhman Special Steels Ltd,07 Apr 2017,Right Issue of Equity Shares ,10 Apr 2017,-,-,07 Apr 2017,07 Apr 2017,-
532039,ZENOTECH,Zenotech Laboratories Ltd,01 Jun 2017,Right Issue of Equity Shares ,02 Jun 2017,-,-,26 May 2017,01 Jun 2017,-
538835,INTELLECT,Intellect Design Arena Ltd,17 Jul 2017,Right Issue of Equity Shares ,18 Jul 2017,-,-,11 Jul 2017,17 Jul 2017,-
537536,DENISCHEM,Denis Chem Lab Ltd,07 Sep 2017,Right Issue of Equity Shares ,09 Sep 2017,-,-,04 Sep 2017,07 Sep 2017,-
538546,BRPL,Bansal Roofing Products Ltd,18 Sep 2017,Right Issue of Equity Shares ,19 Sep 2017,-,-,12 Sep 2017,18 Sep 2017,-
500850,INDHOTEL,Indian Hotels Company Ltd,04 Oct 2017,Right Issue of Equity Shares ,05 Oct 2017,-,-,28 Sep 2017,04 Oct 2017,-
590003,KARURVYSYA,Karur Vysya Bank Ltd,12 Oct 2017,Right Issue of Equity Shares ,13 Oct 2017,-,-,06 Oct 2017,12 Oct 2017,-
504036,HIRECT,Hind Rectifiers Ltd,17 Oct 2017,Right Issue of Equity Shares ,18 Oct 2017,-,-,11 Oct 2017,16 Oct 2017,-
500179,HCL-INSYS,HCL Infosystems Ltd,31 Oct 2017,Right Issue of Equity Shares ,01 Nov 2017,-,-,25 Oct 2017,31 Oct 2017,-
532613,VIPCLOTHNG,VIP Clothing Ltd,17 Nov 2017,Right Issue of Equity Shares ,20 Nov 2017,-,-,13 Nov 2017,17 Nov 2017,-
505750,JOSTS,Josts Engineering Company Ltd,20 Nov 2017,Right Issue of Equity Shares ,21 Nov 2017,-,-,14 Nov 2017,20 Nov 2017,-
507779,KANPRPLA,Kanpur Plastipack Ltd,14 Dec 2017,Right Issue of Equity Shares ,15 Dec 2017,-,-,08 Dec 2017,14 Dec 2017,-
514211,SUMEETINDS,Sumeet Industries Ltd,15 Dec 2017,Right Issue of Equity Shares ,18 Dec 2017,-,-,11 Dec 2017,15 Dec 2017,-
509874,SHALPAINTS,Shalimar Paints Ltd,28 Dec 2017,Right Issue of Equity Shares ,29 Dec 2017,-,-,21 Dec 2017,28 Dec 2017,-
526544,SGLRES,SGL Resources Ltd,18 Jan 2018,Right Issue of Equity Shares ,19 Jan 2018,-,-,12 Jan 2018,18 Jan 2018,-
500302,PEL,Piramal Enterprises Ltd,31 Jan 2018,Right Issue of Equity Shares ,01 Feb 2018,-,-,24 Jan 2018,31 Jan 2018,-
500470,TATASTEEL,Tata Steel Ltd,31 Jan 2018,Right Issue of Equity Shares ,01 Feb 2018,-,-,24 Jan 2018,31 Jan 2018,-
504000,ELPROINTL,Elpro International Ltd,08 Feb 2018,Right Issue of Equity Shares ,09 Feb 2018,-,-,02 Feb 2018,08 Feb 2018,-
532960,DHANI,Dhani Services Ltd,09 Feb 2018,Right Issue of Equity Shares ,12 Feb 2018,-,-,05 Feb 2018,09 Feb 2018,-
531531,HATSUN,Hatsun Agro Product Ltd,31 May 2018,Right Issue of Equity Shares ,01 Jun 2018,-,-,25 May 2018,31 May 2018,-
509874,SHALPAINTS,Shalimar Paints Ltd,06 Nov 2018,Right Issue of Equity Shares ,09 Nov 2018,-,-,01 Nov 2018,07 Nov 2018,-
500185,HCC,Hindustan Construction Company Ltd,20 Nov 2018,Right Issue of Equity Shares ,22 Nov 2018,-,-,15 Nov 2018,21 Nov 2018,-
538882,EMERALD,Emerald Finance Ltd,29 Nov 2018,Right Issue of Equity Shares ,30 Nov 2018,-,-,22 Nov 2018,29 Nov 2018,-
530879,CIFL,Capital India Finance Ltd,18 Dec 2018,Right Issue of Equity Shares ,19 Dec 2018,-,-,12 Dec 2018,18 Dec 2018,-
533007,LGBFORGE,LGB Forge Ltd,03 Jan 2019,Right Issue of Equity Shares ,04 Jan 2019,-,-,02 Jan 2019,03 Jan 2019,-
524518,KREBSBIO,Krebs Biochemicals & Industries Ltd,31 Jan 2019,Right Issue of Equity Shares ,01 Feb 2019,-,-,25 Jan 2019,31 Jan 2019,-
532425,GENUSPRIME,Genus Prime Infra Ltd,27 Mar 2019,Right Issue of Equity Shares ,28 Mar 2019,-,-,20 Mar 2019,27 Mar 2019,-
532822,IDEA,Vodafone Idea Ltd,29 Mar 2019,Right Issue of Equity Shares ,02 Apr 2019,-,-,26 Mar 2019,01 Apr 2019,-
505688,BHARATGEAR,Bharat Gears Ltd,02 Apr 2019,Right Issue of Equity Shares ,03 Apr 2019,-,-,26 Mar 2019,02 Apr 2019,-
532454,BHARTIARTL,Bharti Airtel Ltd,23 Apr 2019,Right Issue of Equity Shares ,24 Apr 2019,-,-,15 Apr 2019,23 Apr 2019,-
531109,ISHANCH,Ishan Dyes and Chemicals Ltd,09 May 2019,Right Issue of Equity Shares ,10 May 2019,-,-,03 May 2019,09 May 2019,-
526544,SGLRES,SGL Resources Ltd,14 May 2019,Right Issue of Equity Shares ,15 May 2019,-,-,08 May 2019,14 May 2019,-
540776,5PAISA,5paisa Capital Ltd,28 May 2019,Right Issue of Equity Shares ,29 May 2019,-,-,22 May 2019,28 May 2019,-
503162,RELCHEMQ,Reliance Chemotex Industries Ltd,19 Jun 2019,Right Issue of Equity Shares ,20 Jun 2019,-,-,13 Jun 2019,19 Jun 2019,-
523483,PACIFICI,Pacific Industries Ltd,25 Jul 2019,Right Issue of Equity Shares ,26 Jul 2019,-,-,19 Jul 2019,25 Jul 2019,-
531120,PATELENG,Patel Engineering Ltd,17 Sep 2019,Right Issue of Equity Shares ,18 Sep 2019,-,-,16 Sep 2019,17 Sep 2019,-
530977,SKCIL,Shri Keshav Cements And Infra Ltd,18 Sep 2019,Right Issue of Equity Shares ,19 Sep 2019,-,-,12 Sep 2019,18 Sep 2019,-
533326,TEXRAIL,Texmaco Rail & Engineering Ltd,24 Sep 2019,Right Issue of Equity Shares ,25 Sep 2019,-,-,20 Sep 2019,24 Sep 2019,-
500302,PEL,Piramal Enterprises Ltd,30 Dec 2019,Right Issue of Equity Shares ,31 Dec 2019,-,-,23 Dec 2019,30 Dec 2019,-
500031,BAJAJELEC,Bajaj Electricals Ltd,05 Feb 2020,Right Issue of Equity Shares ,06 Feb 2020,-,-,01 Feb 2020,05 Feb 2020,-
533543,BROOKS,Brooks Laboratories Ltd,11 Feb 2020,Right Issue of Equity Shares ,12 Feb 2020,-,-,05 Feb 2020,11 Feb 2020,-
516064,ARROWGREEN,Arrow Greentech Ltd,12 Feb 2020,Right Issue of Equity Shares ,13 Feb 2020,-,-,06 Feb 2020,12 Feb 2020,-
542484,ARVINDFASN,Arvind Fashions Ltd,17 Mar 2020,Right Issue of Equity Shares ,18 Mar 2020,-,-,13 Mar 2020,17 Mar 2020,-
500325,RELIANCE,Reliance Industries Ltd,13 May 2020,Right Issue of Equity Shares ,14 May 2020,-,-,12 May 2020,13 May 2020,-
532884,REFEX,Refex Industries Ltd,16 Jun 2020,Right Issue of Equity Shares ,17 Jun 2020,-,-,11 Jun 2020,16 Jun 2020,-
535755,ABFRL,Aditya Birla Fashion and Retail Ltd,30 Jun 2020,Right Issue of Equity Shares ,01 Jul 2020,-,-,26 Jun 2020,30 Jun 2020,-
532689,PVRINOX,PVR Inox Ltd,09 Jul 2020,Right Issue of Equity Shares ,10 Jul 2020,-,-,07 Jul 2020,09 Jul 2020,-
511218,SHRIRAMFIN,Shriram Finance Ltd,09 Jul 2020,Right Issue of Equity Shares ,10 Jul 2020,-,-,08 Jul 2020,09 Jul 2020,-
532720,M&MFIN,Mahindra & Mahindra Financial Services Ltd,22 Jul 2020,Right Issue of Equity Shares ,23 Jul 2020,-,-,21 Jul 2020,22 Jul 2020,-
542337,SPENCERS,Spencers Retail Ltd,28 Jul 2020,Right Issue of Equity Shares ,29 Jul 2020,-,-,27 Jul 2020,28 Jul 2020,-
539404,SATIN,Satin Creditcare Network Ltd,04 Aug 2020,Right Issue of Equity Shares ,05 Aug 2020,-,-,31 Jul 2020,04 Aug 2020,-
532539,UNOMINDA,UNO Minda Ltd,14 Aug 2020,Right Issue of Equity Shares ,17 Aug 2020,-,-,12 Aug 2020,14 Aug 2020,-
533470,RUSHIL,Rushil Decor Ltd,10 Sep 2020,Right Issue of Equity Shares ,11 Sep 2020,-,-,09 Sep 2020,10 Sep 2020,-
500645,DEEPAKFERT,Deepak Fertilisers & Petrochemicals Corporation Ltd,16 Sep 2020,Right Issue of Equity Shares ,17 Sep 2020,-,-,-,-,-
500840,EIHOTEL,EIH Ltd,22 Sep 2020,Right Issue of Equity Shares ,23 Sep 2020,-,-,18 Sep 2020,22 Sep 2020,-
532638,SHOPERSTOP,Shoppers Stop Ltd,19 Nov 2020,Right Issue of Equity Shares ,20 Nov 2020,-,-,14 Nov 2020,19 Nov 2020,-
540293,PRICOLLTD,Pricol Ltd,24 Nov 2020,Right Issue of Equity Shares ,25 Nov 2020,-,-,20 Nov 2020,24 Nov 2020,-
526987,URJA,Urja Global Ltd,14 Jan 2021,Right Issue of Equity Shares ,15 Jan 2021,-,-,12 Jan 2021,14 Jan 2021,-
533519,LTF,L&T Finance Ltd,21 Jan 2021,Right Issue of Equity Shares ,22 Jan 2021,-,-,19 Jan 2021,21 Jan 2021,-
538882,EMERALD,Emerald Finance Ltd,27 Jan 2021,Right Issue of Equity Shares ,28 Jan 2021,-,-,22 Jan 2021,27 Jan 2021,-
539177,AIIL,Authum Investment & Infrastructure Ltd,17 Feb 2021,Right Issue of Equity Shares ,19 Feb 2021,-,-,16 Feb 2021,17 Feb 2021,-
526381,PATINTLOG,Patel Integrated Logistics Ltd,17 Feb 2021,Right Issue of Equity Shares ,18 Feb 2021,-,-,15 Feb 2021,16 Feb 2021,-
542484,ARVINDFASN,Arvind Fashions Ltd,23 Feb 2021,Right Issue of Equity Shares ,24 Feb 2021,-,-,19 Feb 2021,23 Feb 2021,-
532503,RAJPALAYAM,Rajapalayam Mills Ltd,04 Mar 2021,Right Issue of Equity Shares ,05 Mar 2021,-,-,02 Mar 2021,04 Mar 2021,-
532373,WEPSOLN,WEP Solutions Ltd,10 Mar 2021,Right Issue of Equity Shares ,12 Mar 2021,-,-,08 Mar 2021,10 Mar 2021,-
540565,INDIGRID,IndiGrid Infrastructure Trust,26 Mar 2021,Right Issue of Equity Shares ,30 Mar 2021,-,-,24 Mar 2021,26 Mar 2021,-
532054,KDDL,KDDL Ltd,30 Mar 2021,Right Issue of Equity Shares ,31 Mar 2021,-,-,24 Mar 2021,26 Mar 2021,-
542655,VIKASLIFE,Vikas Lifecare Ltd,20 May 2021,Right Issue of Equity Shares ,21 May 2021,-,-,18 May 2021,20 May 2021,-
517096,APLAB,Aplab Ltd,07 Jun 2021,Right Issue of Equity Shares ,08 Jun 2021,-,-,03 Jun 2021,07 Jun 2021,-
530961,VIKASECO,Vikas EcoTech Ltd,09 Jun 2021,Right Issue of Equity Shares ,10 Jun 2021,-,-,07 Jun 2021,09 Jun 2021,-
532408,MEGASOFT,Megasoft Ltd,12 Jul 2021,Right Issue of Equity Shares ,13 Jul 2021,-,-,08 Jul 2021,12 Jul 2021,-
500016,ARUNAHTEL,Aruna Hotels Ltd,22 Jul 2021,Right Issue of Equity Shares ,23 Jul 2021,-,-,19 Jul 2021,22 Jul 2021,-
526544,SGLRES,SGL Resources Ltd,13 Aug 2021,Right Issue of Equity Shares ,17 Aug 2021,-,-,11 Aug 2021,16 Aug 2021,-
526638,TEXELIN,Texel Industries Ltd,13 Aug 2021,Right Issue of Equity Shares ,17 Aug 2021,-,-,12 Aug 2021,16 Aug 2021,-
540901,PRAXIS,Praxis Home Retail Ltd,07 Sep 2021,Right Issue of Equity Shares ,08 Sep 2021,-,-,03 Sep 2021,07 Sep 2021,-
532888,ASIANTILES,Asian Granito India Ltd,08 Sep 2021,Right Issue of Equity Shares ,09 Sep 2021,-,-,07 Sep 2021,08 Sep 2021,-
532674,BASML,Bannari Amman Spinning Mills Ltd,08 Sep 2021,Right Issue of Equity Shares ,09 Sep 2021,-,-,06 Sep 2021,08 Sep 2021,-
502937,KESORAMIND,Kesoram Industries Ltd,16 Sep 2021,Right Issue of Equity Shares ,17 Sep 2021,-,-,14 Sep 2021,16 Sep 2021,-
533284,RPPINFRA,R P P Infra Projects Ltd,17 Sep 2021,Right Issue of Equity Shares ,20 Sep 2021,-,-,16 Sep 2021,17 Sep 2021,-
532454,BHARTIARTL,Bharti Airtel Ltd,27 Sep 2021,Right Issue of Equity Shares ,28 Sep 2021,-,-,24 Sep 2021,27 Sep 2021,-
533326,TEXRAIL,Texmaco Rail & Engineering Ltd,21 Oct 2021,Right Issue of Equity Shares ,22 Oct 2021,-,-,13 Oct 2021,21 Oct 2021,-
500189,NDLVENTURE,NDL Ventures Ltd,22 Oct 2021,Right Issue of Equity Shares ,25 Oct 2021,-,-,19 Oct 2021,22 Oct 2021,-
505688,BHARATGEAR,Bharat Gears Ltd,28 Oct 2021,Right Issue of Equity Shares ,29 Oct 2021,-,-,22 Oct 2021,28 Oct 2021,-
526381,PATINTLOG,Patel Integrated Logistics Ltd,28 Oct 2021,Right Issue of Equity Shares ,29 Oct 2021,-,-,26 Oct 2021,28 Oct 2021,-
542655,VIKASLIFE,Vikas Lifecare Ltd,29 Oct 2021,Right Issue of Equity Shares ,01 Nov 2021,-,-,27 Oct 2021,29 Oct 2021,-
542865,ANUROOP,Anuroop Packaging Ltd,02 Nov 2021,Right Issue of Equity Shares ,05 Nov 2021,-,-,01 Nov 2021,02 Nov 2021,-
519532,ASIANTNE,Asian Tea & Exports Ltd,08 Nov 2021,Right Issue of Equity Shares ,09 Nov 2021,-,-,02 Nov 2021,08 Nov 2021,-
523558,SWISSMLTRY,Swiss Military Consumer Goods Ltd,08 Nov 2021,Right Issue of Equity Shares ,09 Nov 2021,-,-,02 Nov 2021,08 Nov 2021,-
500850,INDHOTEL,Indian Hotels Company Ltd,11 Nov 2021,Right Issue of Equity Shares ,13 Nov 2021,-,-,11 Nov 2021,11 Nov 2021,-
524654,NATCAPSUQ,Natural Capsules Ltd,11 Nov 2021,Right Issue of Equity Shares ,12 Nov 2021,-,-,03 Nov 2021,11 Nov 2021,-
539097,URSUGAR,UR Sugar Industries Ltd,12 Nov 2021,Right Issue of Equity Shares ,15 Nov 2021,-,-,08 Nov 2021,12 Nov 2021,-
530961,VIKASECO,Vikas EcoTech Ltd,24 Nov 2021,Right Issue of Equity Shares ,25 Nov 2021,-,-,23 Nov 2021,24 Nov 2021,-
512064,VISVEN,Vishvprabha Ventures Ltd,01 Dec 2021,Right Issue of Equity Shares ,02 Dec 2021,-,-,30 Nov 2021,01 Dec 2021,-
504365,RIDHISYN,Ridhi Synthetics Ltd,09 Dec 2021,Right Issue of Equity Shares ,10 Dec 2021,-,-,03 Dec 2021,09 Dec 2021,-
532776,SHIVAMAUTO,Shivam Autotech Ltd,09 Dec 2021,Right Issue of Equity Shares ,10 Dec 2021,-,-,03 Dec 2021,09 Dec 2021,-
523019,BNRSEC,BN Rathi Securities Ltd,16 Dec 2021,Right Issue of Equity Shares ,17 Dec 2021,-,-,10 Dec 2021,16 Dec 2021,-
507514,SDBL,Som Distilleries & Breweries Ltd,31 Dec 2021,Right Issue of Equity Shares ,03 Jan 2022,-,-,28 Dec 2021,31 Dec 2021,-
538092,VASUPRADA,Shri Vasuprada Plantations Ltd,18 Jan 2022,Right Issue of Equity Shares ,19 Jan 2022,-,-,14 Jan 2022,18 Jan 2022,-
531358,CHOICEIN,Choice International Ltd,19 Jan 2022,Right Issue of Equity Shares ,20 Jan 2022,-,-,17 Jan 2022,19 Jan 2022,-
539659,KAMATS,Vikram Kamats Hospitality Ltd,20 Jan 2022,Right Issue of Equity Shares ,21 Jan 2022,-,-,18 Jan 2022,20 Jan 2022,-
543241,VGIL,Veer Global Infraconstruction Ltd,20 Jan 2022,Right Issue of Equity Shares ,21 Jan 2022,-,-,14 Jan 2022,20 Jan 2022,-
538970,WARDINMOBI,Wardwizard Innovations & Mobility Ltd,20 Jan 2022,Right Issue of Equity Shares ,22 Jan 2022,-,-,19 Jan 2022,20 Jan 2022,-
503663,TILAK,Tilak Ventures Ltd,17 Feb 2022,Right Issue of Equity Shares ,18 Feb 2022,-,-,14 Feb 2022,17 Feb 2022,-
501314,PRISMX,Prismx Global Ventures Ltd,02 Mar 2022,Right Issue of Equity Shares ,03 Mar 2022,-,-,23 Feb 2022,02 Mar 2022,-
532300,WOCKPHARMA,Wockhardt Ltd,08 Mar 2022,Right Issue of Equity Shares ,09 Mar 2022,-,-,04 Mar 2022,08 Mar 2022,-
539773,ADVIKCA,Advik Capital Ltd,10 Mar 2022,Right Issue of Equity Shares ,11 Mar 2022,-,-,07 Mar 2022,10 Mar 2022,-
531694,RAINBOWF,Rainbow Foundations Ltd,10 Mar 2022,Right Issue of Equity Shares ,11 Mar 2022,-,-,08 Mar 2022,10 Mar 2022,-
526717,HPBL,HCP Plastene Bulkpack Ltd,16 Mar 2022,Right Issue of Equity Shares ,18 Mar 2022,-,-,16 Mar 2022,16 Mar 2022,-
526433,ASMTEC,ASM Technologies Ltd,17 Mar 2022,Right Issue of Equity Shares ,21 Mar 2022,-,-,11 Mar 2022,17 Mar 2022,-
512221,SPVGLOBAL,SPV Global Trading Ltd,21 Mar 2022,Right Issue of Equity Shares ,22 Mar 2022,-,-,16 Mar 2022,21 Mar 2022,-
506919,MAKERSL,Makers Laboratories Ltd,30 Mar 2022,Right Issue of Equity Shares ,01 Apr 2022,-,-,29 Mar 2022,30 Mar 2022,-
541418,NGIL,Nakoda Group of Industries Ltd,30 Mar 2022,Right Issue of Equity Shares ,01 Apr 2022,-,-,28 Mar 2022,30 Mar 2022,-
531719,BHAGCHEM,Bhagiradha Chemicals & Industries Ltd,07 Apr 2022,Right Issue of Equity Shares ,09 Apr 2022,-,-,06 Apr 2022,07 Apr 2022,-
532888,ASIANTILES,Asian Granito India Ltd,11 Apr 2022,Right Issue of Equity Shares ,12 Apr 2022,-,-,07 Apr 2022,11 Apr 2022,-
539289,AURUM,Aurum PropTech Ltd,12 Apr 2022,Right Issue of Equity Shares ,14 Apr 2022,-,-,12 Apr 2022,12 Apr 2022,-
524156,TCMLMTD,TCM Ltd,26 Apr 2022,Right Issue of Equity Shares ,27 Apr 2022,-,-,22 Apr 2022,26 Apr 2022,-
535958,ESSENTIA,Integra Essentia Ltd,04 May 2022,Right Issue of Equity Shares ,05 May 2022,-,-,04 May 2022,04 May 2022,-
530557,NCLRESE,NCL Research & Financial Services Ltd,06 May 2022,Right Issue of Equity Shares ,09 May 2022,-,-,04 May 2022,06 May 2022,-
532707,DYNPRO,Dynemic Products Ltd,12 May 2022,Right Issue of Equity Shares ,13 May 2022,-,-,10 May 2022,11 May 2022,-
543267,DAVANGERE,Davangere Sugar Company Ltd,26 May 2022,Right Issue of Equity Shares ,27 May 2022,-,-,24 May 2022,26 May 2022,-
530201,KALLAM,Kallam Textiles Ltd,02 Jun 2022,Right Issue of Equity Shares ,03 Jun 2022,-,-,30 May 2022,02 Jun 2022,-
503893,ZSATYASL,Satyam Silk Mills Ltd,06 Jun 2022,Right Issue of Equity Shares ,06 Jun 2022,-,-,31 May 2022,06 Jun 2022,-
530461,SABOOSOD,Saboo Sodium Chloro Ltd,15 Jun 2022,Right Issue of Equity Shares ,16 Jun 2022,-,-,13 Jun 2022,15 Jun 2022,-
509053,BANASFN,Banas Finance Ltd,23 Jun 2022,Right Issue of Equity Shares ,24 Jun 2022,-,-,21 Jun 2022,23 Jun 2022,-
505523,MAHACORP,Maharashtra Corporation Ltd,08 Jul 2022,Right Issue of Equity Shares ,08 Jul 2022,-,-,04 Jul 2022,08 Jul 2022,-
531739,GENNEX,Gennex Laboratories Ltd,21 Jul 2022,Right Issue of Equity Shares ,22 Jul 2022,-,-,19 Jul 2022,21 Jul 2022,-
539006,PTCIL,PTC Industries Ltd,21 Jul 2022,Right Issue of Equity Shares ,22 Jul 2022,-,-,18 Jul 2022,21 Jul 2022,-
523558,SWISSMLTRY,Swiss Military Consumer Goods Ltd,21 Jul 2022,Right Issue of Equity Shares ,23 Jul 2022,-,-,18 Jul 2022,21 Jul 2022,-
504918,SANDUMA,Sandur Manganese & Iron Ores Ltd,26 Jul 2022,Right Issue of Equity Shares ,27 Jul 2022,-,-,22 Jul 2022,26 Jul 2022,-
531357,MERCURYEV,Mercury Ev-Tech Ltd,04 Aug 2022,Right Issue of Equity Shares ,04 Aug 2022,-,-,29 Jul 2022,04 Aug 2022,-
541865,ASRL,Add-Shop ERetail Ltd,05 Aug 2022,Right Issue of Equity Shares ,08 Aug 2022,-,-,01 Aug 2022,05 Aug 2022,-
531784,KCLINFRA,KCL Infra Projects Ltd,05 Aug 2022,Right Issue of Equity Shares ,05 Aug 2022,-,-,01 Aug 2022,05 Aug 2022,-
540614,GGENG,G G Engineering Ltd,08 Aug 2022,Right Issue of Equity Shares ,10 Aug 2022,-,-,04 Aug 2022,08 Aug 2022,-
540615,7NR,7NR Retail Ltd,23 Aug 2022,Right Issue of Equity Shares ,23 Aug 2022,-,-,18 Aug 2022,23 Aug 2022,-
501831,COASTCORP,Coastal Corporation Ltd,25 Aug 2022,Right Issue of Equity Shares ,26 Aug 2022,-,-,19 Aug 2022,25 Aug 2022,-
540936,GGL,Gautam Gems Ltd,01 Sep 2022,Right Issue of Equity Shares ,01 Sep 2022,-,-,25 Aug 2022,01 Sep 2022,-
538668,MIIL,Meghna Infracon Infrastructure Ltd,01 Sep 2022,Right Issue of Equity Shares ,01 Sep 2022,-,-,29 Aug 2022,01 Sep 2022,-
521113,SUDTIND-B,Suditi Industries Ltd,06 Sep 2022,Right Issue of Equity Shares ,06 Sep 2022,-,-,01 Sep 2022,06 Sep 2022,-
532667,SUZLON,Suzlon Energy Ltd,03 Oct 2022,Right Issue of Equity Shares ,04 Oct 2022,-,-,29 Sep 2022,03 Oct 2022,-
530239,SUVEN,Suven Life Sciences Ltd,17 Oct 2022,Right Issue of Equity Shares ,18 Oct 2022,-,-,13 Oct 2022,17 Oct 2022,-
532847,HILTON,Hilton Metal Forging Ltd,20 Oct 2022,Right Issue of Equity Shares ,20 Oct 2022,-,-,18 Oct 2022,20 Oct 2022,-
532812,TFL,Transwarranty Finance Ltd,04 Nov 2022,Right Issue of Equity Shares ,04 Nov 2022,-,-,31 Oct 2022,04 Nov 2022,-
530449,RUNGTAIR,Rungta Irrigation Ltd,11 Nov 2022,Right Issue of Equity Shares ,11 Nov 2022,-,-,11 Nov 2022,11 Nov 2022,-
543376,SAMOR,Samor Reality Ltd,11 Nov 2022,Right Issue of Equity Shares ,11 Nov 2022,-,-,11 Nov 2022,11 Nov 2022,-
532456,COMPINFO,Compuage Infocom Ltd,14 Nov 2022,Right Issue of Equity Shares ,14 Nov 2022,-,-,14 Nov 2022,14 Nov 2022,-
535958,ESSENTIA,Integra Essentia Ltd,17 Nov 2022,Right Issue of Equity Shares ,17 Nov 2022,-,-,17 Nov 2022,17 Nov 2022,-
542145,RONI,Roni Households Ltd,25 Nov 2022,Right Issue of Equity Shares ,25 Nov 2022,-,-,21 Nov 2022,25 Nov 2022,-
532138,SMCREDT,SMC Credits Ltd,25 Nov 2022,Right Issue of Equity Shares ,25 Nov 2022,-,-,22 Nov 2022,25 Nov 2022,-
539506,ADCON,Adcon Capital Services Ltd,02 Dec 2022,Right Issue of Equity Shares ,02 Dec 2022,-,-,28 Nov 2022,02 Dec 2022,-
531531,HATSUN,Hatsun Agro Product Ltd,07 Dec 2022,Right Issue of Equity Shares ,08 Dec 2022,-,-,06 Dec 2022,07 Dec 2022,-
518091,APCL,Anjani Portland Cement Ltd,16 Dec 2022,Right Issue of Equity Shares ,16 Dec 2022,-,-,12 Dec 2022,16 Dec 2022,-
500350,RSWM,RSWM Ltd,16 Dec 2022,Right Issue of Equity Shares ,16 Dec 2022,-,-,13 Dec 2022,16 Dec 2022,-
539515,QUINT,Quint Digital Ltd,22 Dec 2022,Right Issue of Equity Shares ,22 Dec 2022,-,-,16 Dec 2022,22 Dec 2022,-
533275,SHAH,Shah Metacorp Ltd,23 Dec 2022,Right Issue of Equity Shares ,23 Dec 2022,-,-,21 Dec 2022,23 Dec 2022,-
532503,RAJPALAYAM,Rajapalayam Mills Ltd,30 Dec 2022,Right Issue of Equity Shares ,30 Dec 2022,-,-,26 Dec 2022,30 Dec 2022,-
531025,VISAGAR,Visagar Financial Services Ltd,30 Dec 2022,Right Issue of Equity Shares ,30 Dec 2022,-,-,26 Dec 2022,30 Dec 2022,-
516110,FAMILYCARE,Family Care Hospitals Ltd,03 Jan 2023,Right Issue of Equity Shares ,03 Jan 2023,-,-,29 Dec 2022,03 Jan 2023,-
542803,VEL,Vaxfab Enterprises Ltd,03 Jan 2023,Right Issue of Equity Shares ,03 Jan 2023,-,-,30 Dec 2022,03 Jan 2023,-
543420,JETFREIGHT,Jet Freight Logistics Ltd,11 Jan 2023,Right Issue of Equity Shares ,11 Jan 2023,-,-,06 Jan 2023,11 Jan 2023,-
523483,PACIFICI,Pacific Industries Ltd,11 Jan 2023,Right Issue of Equity Shares ,11 Jan 2023,-,-,06 Jan 2023,11 Jan 2023,-
532894,INDOWIND,Indowind Energy Ltd,13 Jan 2023,Right Issue of Equity Shares ,13 Jan 2023,-,-,09 Jan 2023,13 Jan 2023,-
543210,AARTISURF,Aarti Surfactants Ltd,17 Jan 2023,Right Issue of Equity Shares ,17 Jan 2023,-,-,11 Jan 2023,17 Jan 2023,-
543364,MARKOLINES,Markolines Pavement Technologies Ltd,17 Jan 2023,Right Issue of Equity Shares ,17 Jan 2023,-,-,12 Jan 2023,17 Jan 2023,-
532467,HAZOOR,Hazoor Multi Projects Ltd,20 Jan 2023,Right Issue of Equity Shares ,20 Jan 2023,-,-,17 Jan 2023,20 Jan 2023,-
519552,HERITGFOOD,Heritage Foods Ltd,20 Jan 2023,Right Issue of Equity Shares ,20 Jan 2023,-,-,16 Jan 2023,20 Jan 2023,-
524632,SHUKRAPHAR,Shukra Pharmaceuticals Ltd,02 Feb 2023,Right Issue of Equity Shares ,02 Feb 2023,-,-,27 Jan 2023,02 Feb 2023,-
540079,SPRAYKING,Sprayking Ltd,02 Feb 2023,Right Issue of Equity Shares ,02 Feb 2023,-,-,31 Jan 2023,02 Feb 2023,-
540737,SGRL,Shree Ganesh Remedies Ltd,03 Feb 2023,Right Issue of Equity Shares ,03 Feb 2023,-,-,30 Jan 2023,03 Feb 2023,-
531120,PATELENG,Patel Engineering Ltd,06 Feb 2023,Right Issue of Equity Shares ,06 Feb 2023,-,-,01 Feb 2023,06 Feb 2023,-
517170,EDVENSWA,Edvenswa Enterprises Ltd,07 Feb 2023,Right Issue of Equity Shares ,07 Feb 2023,-,-,01 Feb 2023,07 Feb 2023,-
541347,PARVATI,Parvati Sweetners and Power Ltd,08 Feb 2023,Right Issue of Equity Shares ,08 Feb 2023,-,-,03 Feb 2023,08 Feb 2023,-
533093,ROML,Raj Oil Mills Ltd,09 Feb 2023,Right Issue of Equity Shares ,09 Feb 2023,-,-,06 Feb 2023,09 Feb 2023,-
543241,VGIL,Veer Global Infraconstruction Ltd,10 Feb 2023,Right Issue of Equity Shares ,10 Feb 2023,-,-,09 Feb 2023,10 Feb 2023,-
531595,CGCL,Capri Global Capital Ltd,17 Feb 2023,Right Issue of Equity Shares ,17 Feb 2023,-,-,14 Feb 2023,17 Feb 2023,-
506597,AMAL,Amal Ltd,21 Feb 2023,Right Issue of Equity Shares ,21 Feb 2023,-,-,16 Feb 2023,21 Feb 2023,-
531370,SPAR,Sparc Electrex Ltd,28 Feb 2023,Right Issue of Equity Shares ,28 Feb 2023,-,-,22 Feb 2023,28 Feb 2023,-
539725,GOKULAGRO,Gokul Agro Resources Ltd,08 Mar 2023,Right Issue of Equity Shares ,08 Mar 2023,-,-,02 Mar 2023,08 Mar 2023,-
538351,AFEL,A.F. Enterprises Ltd,21 Mar 2023,Right Issue of Equity Shares ,22 Mar 2023,-,-,17 Mar 2023,22 Mar 2023,-
532945,SEPC,SEPC Ltd,29 Mar 2023,Right Issue of Equity Shares ,29 Mar 2023,-,-,24 Mar 2023,29 Mar 2023,-
514238,MKVENTURES,Mkventures Capital Ltd,03 Apr 2023,Right Issue of Equity Shares ,04 Apr 2023,-,-,28 Mar 2023,03 Apr 2023,-
540173,PNBHOUSING,PNB Housing Finance Ltd,05 Apr 2023,Right Issue of Equity Shares ,05 Apr 2023,-,-,29 Mar 2023,05 Apr 2023,-
542724,MURAE,Murae Organisor Ltd,10 Apr 2023,Right Issue of Equity Shares ,10 Apr 2023,-,-,03 Apr 2023,10 Apr 2023,-
533470,RUSHIL,Rushil Decor Ltd,13 Apr 2023,Right Issue of Equity Shares ,13 Apr 2023,-,-,11 Apr 2023,13 Apr 2023,-
507514,SDBL,Som Distilleries & Breweries Ltd,13 Apr 2023,Right Issue of Equity Shares ,14 Apr 2023,-,-,10 Apr 2023,13 Apr 2023,-
533048,TPHQ,Teamo Productions HQ Ltd,18 Apr 2023,Right Issue of Equity Shares ,18 Apr 2023,-,-,12 Apr 2023,18 Apr 2023,-
531802,PRERINFRA,Prerna Infrabuild Ltd,21 Apr 2023,Right Issue of Equity Shares ,21 Apr 2023,-,-,17 Apr 2023,21 Apr 2023,-
543376,SAMOR,Samor Reality Ltd,02 May 2023,Right Issue of Equity Shares ,02 May 2023,-,-,26 Apr 2023,02 May 2023,-
512441,ENBETRD,Enbee Trade & Finance Ltd,10 May 2023,Right Issue of Equity Shares ,10 May 2023,-,-,05 May 2023,10 May 2023,-
543435,CLARA,Clara Industries Ltd,11 May 2023,Right Issue of Equity Shares ,11 May 2023,-,-,08 May 2023,11 May 2023,-
540696,KCDGROUP,KCD Industries India Ltd,19 May 2023,Right Issue of Equity Shares ,19 May 2023,-,-,16 May 2023,19 May 2023,-
539584,SIPTL,Sharanam Infraproject and Trading Ltd,22 May 2023,Right Issue of Equity Shares ,22 May 2023,-,-,17 May 2023,22 May 2023,-
540901,PRAXIS,Praxis Home Retail Ltd,30 May 2023,Right Issue of Equity Shares ,30 May 2023,-,-,26 May 2023,30 May 2023,-
532310,SHREERAMA,Shree Rama Multi-Tech Ltd,30 May 2023,Right Issue of Equity Shares ,30 May 2023,-,-,25 May 2023,30 May 2023,-
540545,BGJL,Bhakti Gems and Jewellery Ltd,31 May 2023,Right Issue of Equity Shares ,31 May 2023,-,-,25 May 2023,31 May 2023,-
534615,NECCLTD,North Eastern Carrying Corporation Ltd,02 Jun 2023,Right Issue of Equity Shares ,02 Jun 2023,-,-,29 May 2023,02 Jun 2023,-
530131,UDAICEMENT,Udaipur Cement Works Ltd,14 Jun 2023,Right Issue of Equity Shares ,14 Jun 2023,-,-,09 Jun 2023,14 Jun 2023,-
539115,ALAN SCOTT,Alan Scott Industries Ltd,16 Jun 2023,Right Issue of Equity Shares ,16 Jun 2023,-,-,15 Jun 2023,16 Jun 2023,-
512379,CRSL,Cressanda Railway Solutions Ltd,16 Jun 2023,Right Issue of Equity Shares ,16 Jun 2023,-,-,13 Jun 2023,16 Jun 2023,-
538920,VINCOFE,Vintage Coffee And Beverages Ltd,19 Jun 2023,Right Issue of Equity Shares ,19 Jun 2023,-,-,15 Jun 2023,19 Jun 2023,-
524602,BANDARAM,Bandaram Pharma Packtech Ltd,30 Jun 2023,Right Issue of Equity Shares ,30 Jun 2023,-,-,26 Jun 2023,30 Jun 2023,-
531771,SHRADDHA,Shraddha Prime Projects Ltd,03 Jul 2023,Right Issue of Equity Shares ,03 Jul 2023,-,-,28 Jun 2023,03 Jul 2023,-
540204,EIKO,Eiko Lifesciences Ltd,07 Jul 2023,Right Issue of Equity Shares ,07 Jul 2023,-,-,03 Jul 2023,07 Jul 2023,-
540614,GGENG,G G Engineering Ltd,11 Jul 2023,Right Issue of Equity Shares ,11 Jul 2023,-,-,06 Jul 2023,11 Jul 2023,-
542753,SEACOAST,Seacoast Shipping Services Ltd,13 Jul 2023,Right Issue of Equity Shares ,13 Jul 2023,-,-,10 Jul 2023,13 Jul 2023,-
539598,CGFL,Credent Global Finance Ltd,17 Jul 2023,Right Issue of Equity Shares ,17 Jul 2023,-,-,12 Jul 2023,17 Jul 2023,-
533543,BROOKS,Brooks Laboratories Ltd,28 Jul 2023,Right Issue of Equity Shares ,28 Jul 2023,-,-,24 Jul 2023,28 Jul 2023,-
543635,PPLPHARMA,Piramal Pharma Ltd,02 Aug 2023,Right Issue of Equity Shares ,02 Aug 2023,-,-,31 Jul 2023,02 Aug 2023,-
533263,GREENPOWER,Orient Green Power Company Ltd,18 Aug 2023,Right Issue of Equity Shares ,18 Aug 2023,-,-,16 Aug 2023,18 Aug 2023,-
543324,GCSL,Gretex Corporate Services Ltd,23 Aug 2023,Right Issue of Equity Shares ,23 Aug 2023,-,-,18 Aug 2023,23 Aug 2023,-
541418,NGIL,Nakoda Group of Industries Ltd,05 Sep 2023,Right Issue of Equity Shares ,05 Sep 2023,-,-,04 Sep 2023,05 Sep 2023,-
539773,ADVIKCA,Advik Capital Ltd,07 Sep 2023,Right Issue of Equity Shares ,07 Sep 2023,-,-,07 Sep 2023,07 Sep 2023,-
512608,BHANDARI,Bhandari Hosiery Exports Ltd,22 Sep 2023,Right Issue of Equity Shares ,23 Sep 2023,-,-,-,-,-
531173,SYSCHEM,Syschem India Ltd,28 Sep 2023,Right Issue of Equity Shares ,29 Sep 2023,-,-,-,29 Sep 2023,-
540654,GSTL,Globalspace Technologies Ltd,03 Nov 2023,Right Issue of Equity Shares ,03 Nov 2023,-,-,01 Nov 2023,03 Nov 2023,-
534733,AERPACE,Aerpace Industries Ltd,15 Nov 2023,Right Issue of Equity Shares ,15 Nov 2023,-,-,12 Nov 2023,15 Nov 2023,-
532945,SEPC,SEPC Ltd,28 Nov 2023,Right Issue of Equity Shares ,28 Nov 2023,-,-,21 Nov 2023,28 Nov 2023,-
539992,LLOYDSENGG,Lloyds Engineering Works Ltd,14 Dec 2023,Right Issue of Equity Shares ,14 Dec 2023,-,-,12 Dec 2023,14 Dec 2023,-
530723,ASITCFIN,Asit C Mehta Financial Services Ltd,15 Dec 2023,Right Issue of Equity Shares ,15 Dec 2023,-,-,11 Dec 2023,15 Dec 2023,-
505693,LATIMMETAL,La Tim Metal & Industries Ltd,02 Jan 2024,Right Issue of Equity Shares ,02 Jan 2024,-,-,29 Dec 2023,02 Jan 2024,-
535719,AMPVOLTS,Ampvolts Ltd,08 Jan 2024,Right Issue of Equity Shares ,08 Jan 2024,-,-,02 Jan 2024,08 Jan 2024,-
536709,INDRENEW,IND Renewable Energy Ltd,08 Jan 2024,Right Issue of Equity Shares ,08 Jan 2024,-,-,04 Jan 2024,08 Jan 2024,-
531592,GENPHARMA,Genpharmasec Ltd,09 Jan 2024,Right Issue of Equity Shares ,09 Jan 2024,-,-,04 Jan 2024,09 Jan 2024,-
500300,GRASIM,Grasim Industries Ltd,10 Jan 2024,Right Issue of Equity Shares ,10 Jan 2024,-,-,05 Jan 2024,10 Jan 2024,-
539584,SIPTL,Sharanam Infraproject and Trading Ltd,10 Jan 2024,Right Issue of Equity Shares ,10 Jan 2024,-,-,05 Jan 2024,10 Jan 2024,-
538562,SKIPPER,Skipper Ltd,12 Jan 2024,Right Issue of Equity Shares ,12 Jan 2024,-,-,10 Jan 2024,12 Jan 2024,-
538795,SAPPL,Shree Ajit Pulp And Paper Ltd,18 Jan 2024,Right Issue of Equity Shares ,18 Jan 2024,-,-,15 Jan 2024,18 Jan 2024,-
532172,ADROITINFO,Adroit Infotech Ltd,19 Jan 2024,Right Issue of Equity Shares ,19 Jan 2024,-,-,16 Jan 2024,18 Jan 2024,-
514378,YARNSYN,Yarn Syndicate Ltd,24 Jan 2024,Right Issue of Equity Shares ,24 Jan 2024,-,-,24 Jan 2024,24 Jan 2024,-
532896,MAGNUM,Magnum Ventures Ltd,25 Jan 2024,Right Issue of Equity Shares ,25 Jan 2024,-,-,19 Jan 2024,25 Jan 2024,-
509051,INDINFO,Indian Infotech & Software Ltd,29 Jan 2024,Right Issue of Equity Shares ,29 Jan 2024,-,-,-,29 Jan 2024,-
537800,MANGIND,Mangalam Industrial Finance Ltd,29 Jan 2024,Right Issue of Equity Shares ,29 Jan 2024,-,-,-,29 Jan 2024,-
521109,NAGREEKEXP,Nagreeka Exports Ltd,30 Jan 2024,Right Issue of Equity Shares ,30 Jan 2024,-,-,23 Jan 2024,30 Jan 2024,-
535789,SAMMAANCAP,Sammaan Capital Ltd,01 Feb 2024,Right Issue of Equity Shares ,01 Feb 2024,-,-,30 Jan 2024,01 Feb 2024,-
541402,AFFORDABLE,Affordable Robotic & Automation Ltd,12 Feb 2024,Right Issue of Equity Shares ,12 Feb 2024,-,-,07 Feb 2024,12 Feb 2024,-
543594,DPL,Dipna Pharmachem Ltd,12 Feb 2024,Right Issue of Equity Shares ,12 Feb 2024,-,-,06 Feb 2024,12 Feb 2024,-
540078,MITSU,Mitsu Chem Plast Ltd,16 Feb 2024,Right Issue of Equity Shares ,17 Feb 2024,-,-,15 Feb 2024,15 Feb 2024,-
526544,SGLRES,SGL Resources Ltd,16 Feb 2024,Right Issue of Equity Shares ,19 Feb 2024,-,-,15 Feb 2024,19 Feb 2024,-
532218,SOUTHBANK,South Indian Bank Ltd,27 Feb 2024,Right Issue of Equity Shares ,27 Feb 2024,-,-,23 Feb 2024,27 Feb 2024,-
512415,MERCTRD,Mercury Trade Links Ltd,01 Mar 2024,Right Issue of Equity Shares ,01 Mar 2024,-,-,27 Feb 2024,29 Feb 2024,-
531893,SAWACA,Sawaca Enterprises Ltd,07 Mar 2024,Right Issue of Equity Shares ,07 Mar 2024,-,-,02 Mar 2024,07 Mar 2024,-
542910,VALENCIA,Valencia Nutrition Ltd,07 Mar 2024,Right Issue of Equity Shares ,07 Mar 2024,-,-,07 Mar 2024,07 Mar 2024,-
530881,ABVL,Arunjyoti Bio Ventures Ltd,12 Mar 2024,Right Issue of Equity Shares ,12 Mar 2024,-,-,06 Mar 2024,12 Mar 2024,-
539251,BALKRISHNA,Balkrishna Paper Mills Ltd,15 Mar 2024,Right Issue of Equity Shares ,15 Mar 2024,-,-,13 Mar 2024,15 Mar 2024,-
500185,HCC,Hindustan Construction Company Ltd,15 Mar 2024,Right Issue of Equity Shares ,16 Mar 2024,-,-,14 Mar 2024,15 Mar 2024,-
543531,TIERRA,Tierra Agrotech Ltd,18 Mar 2024,Right Issue of Equity Shares ,18 Mar 2024,-,-,13 Mar 2024,18 Mar 2024,-
539594,MISHTANN ,Mishtann Foods Ltd,20 Mar 2024,Right Issue of Equity Shares ,20 Mar 2024,-,-,14 Mar 2024,20 Mar 2024,-
513250,JYOTISTRUC,Jyoti Structures Ltd,21 Mar 2024,Right Issue of Equity Shares ,21 Mar 2024,-,-,21 Mar 2024,21 Mar 2024,-
505196,TIL,TIL Ltd,22 Mar 2024,Right Issue of Equity Shares ,22 Mar 2024,-,-,19 Mar 2024,22 Mar 2024,-
514060,MARKOBENZ,Markobenz Ventures Ltd,27 Mar 2024,Right Issue of Equity Shares ,27 Mar 2024,-,-,27 Mar 2024,27 Mar 2024,-
531982,SPECFOOD,Spectrum Foods Ltd,27 Mar 2024,Right Issue of Equity Shares ,27 Mar 2024,-,-,27 Mar 2024,27 Mar 2024,-
522245,IYKOTHITE,Iykot Hitech Toolroom Ltd,03 Apr 2024,Right Issue of Equity Shares ,03 Apr 2024,-,-,03 Apr 2024,03 Apr 2024,-
532323,SHIVACEM,Shiva Cement Ltd,03 Apr 2024,Right Issue of Equity Shares ,03 Apr 2024,-,-,03 Apr 2024,03 Apr 2024,-
511577,SAVFI,Savani Financials Ltd,04 Apr 2024,Right Issue of Equity Shares ,04 Apr 2024,-,-,04 Apr 2024,04 Apr 2024,-
543319,AAPLUSTRAD,AA Plus Tradelink Ltd,05 Apr 2024,Right Issue of Equity Shares ,05 Apr 2024,-,-,05 Apr 2024,05 Apr 2024,-
532713,SAKUMA,Sakuma Exports Ltd,15 Apr 2024,Right Issue of Equity Shares ,15 Apr 2024,-,-,15 Apr 2024,15 Apr 2024,-
542579,AGOL,Ashapuri Gold Ornament Ltd,18 Apr 2024,Right Issue of Equity Shares ,18 Apr 2024,-,-,18 Apr 2024,18 Apr 2024,-
533427,VMS,VMS Industries Ltd,18 Apr 2024,Right Issue of Equity Shares ,18 Apr 2024,-,-,18 Apr 2024,18 Apr 2024,-
526544,SGLRES,SGL Resources Ltd,19 Apr 2024,Right Issue of Equity Shares ,19 Apr 2024,-,-,19 Apr 2024,19 Apr 2024,-
540550,YUG,Yug Decor Ltd,19 Apr 2024,Right Issue of Equity Shares ,19 Apr 2024,-,-,19 Apr 2024,19 Apr 2024,-
532636,IIFL,IIFL Finance Ltd,23 Apr 2024,Right Issue of Equity Shares ,23 Apr 2024,-,-,23 Apr 2024,23 Apr 2024,-
512014,SOBME,Sobhagya Mercantile Ltd,23 Apr 2024,Right Issue of Equity Shares ,23 Apr 2024,-,-,23 Apr 2024,23 Apr 2024,-
507872,ASHNOOR,Ashnoor Textile Mills Ltd,26 Apr 2024,Right Issue of Equity Shares ,26 Apr 2024,-,-,26 Apr 2024,26 Apr 2024,-
509053,BANASFN,Banas Finance Ltd,26 Apr 2024,Right Issue of Equity Shares ,26 Apr 2024,-,-,26 Apr 2024,26 Apr 2024,-
543209,BILLWIN,Billwin Industries Ltd,29 Apr 2024,Right Issue of Equity Shares ,29 Apr 2024,-,-,29 Apr 2024,29 Apr 2024,-
535730,KHOOBSURAT,Khoobsurat Ltd,03 May 2024,Right Issue of Equity Shares ,04 May 2024,-,-,03 May 2024,03 May 2024,-
531512,ORIENTTR,Orient Tradelink Ltd,03 May 2024,Right Issue of Equity Shares ,03 May 2024,-,-,03 May 2024,03 May 2024,-
540190,FRANKLININD,Franklin Industries Ltd,13 May 2024,Right Issue of Equity Shares ,13 May 2024,-,-,13 May 2024,13 May 2024,-
526677,KEEPLEARN,DSJ keep Learning Ltd,14 May 2024,Right Issue of Equity Shares ,14 May 2024,-,-,14 May 2024,14 May 2024,-
541540,SOLARA,Solara Active Pharma Sciences Ltd,15 May 2024,Right Issue of Equity Shares ,15 May 2024,-,-,15 May 2024,15 May 2024,-
537820,VIJIFIN,Viji Finance Ltd,15 May 2024,Right Issue of Equity Shares ,15 May 2024,-,-,15 May 2024,15 May 2024,-
540377,IFL,IFL Enterprises Ltd,17 May 2024,Right Issue of Equity Shares ,17 May 2024,-,-,16 May 2024,16 May 2024,-
519331,VSFPROJ,VSF Projects Ltd,24 May 2024,Right Issue of Equity Shares ,24 May 2024,-,-,24 May 2024,24 May 2024,-
541418,NGIL,Nakoda Group of Industries Ltd,30 May 2024,Right Issue of Equity Shares ,30 May 2024,-,-,30 May 2024,30 May 2024,-
535958,ESSENTIA,Integra Essentia Ltd,31 May 2024,Right Issue of Equity Shares ,01 Jun 2024,-,-,31 May 2024,31 May 2024,-
513337,GUJTLRM,Gujarat Toolroom Ltd,05 Jun 2024,Right Issue of Equity Shares ,05 Jun 2024,-,-,05 Jun 2024,05 Jun 2024,-
531205,SPRIGHT,Spright Agro Ltd,07 Jun 2024,Right Issue of Equity Shares ,07 Jun 2024,-,-,07 Jun 2024,07 Jun 2024,-
512608,BHANDARI,Bhandari Hosiery Exports Ltd,19 Jun 2024,Right Issue of Equity Shares ,19 Jun 2024,-,-,19 Jun 2024,19 Jun 2024,-
532784,SOBHA,Sobha Ltd,19 Jun 2024,Right Issue of Equity Shares ,19 Jun 2024,-,-,19 Jun 2024,19 Jun 2024,-
539217,SRESTHA,Srestha Finvest Ltd,24 Jun 2024,Right Issue of Equity Shares ,24 Jun 2024,-,-,24 Jun 2024,24 Jun 2024,-
532945,SEPC,SEPC Ltd,25 Jun 2024,Right Issue of Equity Shares ,25 Jun 2024,-,-,25 Jun 2024,25 Jun 2024,-
533506,INVENTURE,Inventure Growth & Securities Ltd,05 Jul 2024,Right Issue of Equity Shares ,05 Jul 2024,-,-,05 Jul 2024,05 Jul 2024,-
526211,SURJIND,Suraj Industries Ltd,10 Jul 2024,Right Issue of Equity Shares ,10 Jul 2024,-,-,10 Jul 2024,10 Jul 2024,-
533602,LESHAIND,Lesha Industries Ltd,12 Jul 2024,Right Issue of Equity Shares ,12 Jul 2024,-,-,12 Jul 2024,12 Jul 2024,-
519397,SHINDL,Sharat Industries Ltd,12 Jul 2024,Right Issue of Equity Shares ,12 Jul 2024,-,-,12 Jul 2024,12 Jul 2024,-
531723,GATECH,GACM Technologies Ltd,16 Jul 2024,Right Issue of Equity Shares ,16 Jul 2024,-,-,16 Jul 2024,16 Jul 2024,-
570005,GATECHDVR,GACM Technologies Ltd,16 Jul 2024,Right Issue of Equity Shares ,16 Jul 2024,-,-,16 Jul 2024,16 Jul 2024,-
532894,INDOWIND,Indowind Energy Ltd,16 Jul 2024,Right Issue of Equity Shares ,16 Jul 2024,-,-,16 Jul 2024,16 Jul 2024,-
500306,JAYKAY,Jaykay Enterprises Ltd,19 Jul 2024,Right Issue of Equity Shares ,19 Jul 2024,-,-,19 Jul 2024,19 Jul 2024,-
511493,SHRYDUS,Shrydus Industries Ltd,19 Jul 2024,Right Issue of Equity Shares ,19 Jul 2024,-,-,19 Jul 2024,19 Jul 2024,-
500800,TATACONSUM,Tata Consumer Products Ltd,26 Jul 2024,Right Issue of Equity Shares ,27 Jul 2024,-,-,26 Jul 2024,26 Jul 2024,-
512048,LUHARUKA,Luharuka Media & Infra Ltd,02 Aug 2024,Right Issue of Equity Shares ,02 Aug 2024,-,-,02 Aug 2024,02 Aug 2024,-
512064,VISVEN,Vishvprabha Ventures Ltd,07 Aug 2024,Right Issue of Equity Shares ,07 Aug 2024,-,-,07 Aug 2024,07 Aug 2024,-
523558,SWISSMLTRY,Swiss Military Consumer Goods Ltd,09 Aug 2024,Right Issue of Equity Shares ,09 Aug 2024,-,-,09 Aug 2024,09 Aug 2024,-
533263,GREENPOWER,Orient Green Power Company Ltd,13 Aug 2024,Right Issue of Equity Shares ,13 Aug 2024,-,-,13 Aug 2024,13 Aug 2024,-
543670,VINNY,Vinny Overseas Ltd,14 Aug 2024,Right Issue of Equity Shares ,14 Aug 2024,-,-,14 Aug 2024,14 Aug 2024,-
538351,AFEL,A.F. Enterprises Ltd,16 Aug 2024,Right Issue of Equity Shares ,16 Aug 2024,-,-,16 Aug 2024,16 Aug 2024,-
543911,ATALREAL,Atal Realtech Ltd,22 Aug 2024,Right Issue of Equity Shares ,22 Aug 2024,-,-,22 Aug 2024,22 Aug 2024,-
541303,AKSHAR,Akshar Spintex Ltd,23 Aug 2024,Right Issue of Equity Shares ,23 Aug 2024,-,-,23 Aug 2024,23 Aug 2024,-
543516,DHYAANITR,Dhyaani Tradeventtures Ltd,23 Aug 2024,Right Issue of Equity Shares ,23 Aug 2024,-,-,22 Aug 2024,23 Aug 2024,-
539762,MEAPL,Modern Engineering And Projects Ltd,26 Aug 2024,Right Issue of Equity Shares ,26 Aug 2024,-,-,26 Aug 2024,26 Aug 2024,-
514175,VARDMNPOLY,Vardhman Polytex Ltd,28 Aug 2024,Right Issue of Equity Shares ,28 Aug 2024,-,-,28 Aug 2024,28 Aug 2024,-
534674,DUCON,Ducon Infratechnologies Ltd,30 Aug 2024,Right Issue of Equity Shares ,30 Aug 2024,-,-,30 Aug 2024,30 Aug 2024,-
540914,SRUSTEELS,SRU Steels Ltd,30 Aug 2024,Right Issue of Equity Shares ,31 Aug 2024,-,-,30 Aug 2024,30 Aug 2024,-
532817,ORIENTALTL,Oriental Trimex Ltd,05 Sep 2024,Right Issue of Equity Shares ,05 Sep 2024,-,-,05 Sep 2024,05 Sep 2024,-
526381,PATINTLOG,Patel Integrated Logistics Ltd,06 Sep 2024,Right Issue of Equity Shares ,06 Sep 2024,-,-,06 Sep 2024,06 Sep 2024,-
539041,GANVERSE,Ganesha Ecoverse Ltd,09 Sep 2024,Right Issue of Equity Shares ,09 Sep 2024,-,-,-,-,-
507265,EMERALL,Emerald Leisures Ltd,10 Sep 2024,Right Issue of Equity Shares ,10 Sep 2024,-,-,10 Sep 2024,10 Sep 2024,-
541929,SGIL,Synergy Green Industries Ltd,11 Sep 2024,Right Issue of Equity Shares ,11 Sep 2024,-,-,11 Sep 2024,11 Sep 2024,-
539773,ADVIKCA,Advik Capital Ltd,12 Sep 2024,Right Issue of Equity Shares ,12 Sep 2024,-,-,-,-,-
543643,NARMADA,Narmada Agrobase Ltd,13 Sep 2024,Right Issue of Equity Shares ,16 Sep 2024,-,-,16 Sep 2024,16 Sep 2024,-
506642,SADHNANIQ,Sadhana Nitro Chem Ltd,13 Sep 2024,Right Issue of Equity Shares ,13 Sep 2024,-,-,-,-,-
503663,TILAK,Tilak Ventures Ltd,13 Sep 2024,Right Issue of Equity Shares ,13 Sep 2024,-,-,12 Sep 2024,12 Sep 2024,-
501351,RAPIDIN,Rapid Investments Ltd,17 Sep 2024,Right Issue of Equity Shares ,18 Sep 2024,-,-,16 Sep 2024,18 Sep 2024,-
544191,PURPLEFIN,Purple Finance Ltd,26 Sep 2024,Right Issue of Equity Shares ,26 Sep 2024,-,-,26 Sep 2024,26 Sep 2024,-
532285,GEOJITFSL,Geojit Financial Services Ltd,07 Oct 2024,Right Issue of Equity Shares ,07 Oct 2024,-,-,07 Oct 2024,07 Oct 2024,-
540135,ARCFIN,ARC Finance Ltd,10 Oct 2024,Right Issue of Equity Shares ,10 Oct 2024,-,-,10 Oct 2024,10 Oct 2024,-
531328,KRETTOSYS,Kretto Syscon Ltd,11 Oct 2024,Right Issue of Equity Shares ,11 Oct 2024,-,-,11 Oct 2024,11 Oct 2024,-
517170,EDVENSWA,Edvenswa Enterprises Ltd,14 Oct 2024,Right Issue of Equity Shares ,14 Oct 2024,-,-,14 Oct 2024,14 Oct 2024,-
539399,BELLACASA,Bella Casa Fashion & Retail Ltd,18 Oct 2024,Right Issue of Equity Shares ,19 Oct 2024,-,-,18 Oct 2024,18 Oct 2024,-
539449,IGCIL,IGC Industries Ltd,18 Oct 2024,Right Issue of Equity Shares ,18 Oct 2024,-,-,18 Oct 2024,18 Oct 2024,-
539310,THINKINK,Thinkink Picturez Ltd,18 Oct 2024,Right Issue of Equity Shares ,18 Oct 2024,-,-,18 Oct 2024,18 Oct 2024,-
543410,DMR,DMR Hydroengineering & Infrastructures Ltd,22 Oct 2024,Right Issue of Equity Shares ,22 Oct 2024,-,-,22 Oct 2024,22 Oct 2024,-
531153,DILIGENT,Diligent Industries Ltd,24 Oct 2024,Right Issue of Equity Shares ,24 Oct 2024,-,-,24 Oct 2024,24 Oct 2024,-
512415,MERCTRD,Mercury Trade Links Ltd,24 Oct 2024,Right Issue of Equity Shares ,24 Oct 2024,-,-,24 Oct 2024,24 Oct 2024,-
542905,HINDWAREAP,Hindware Home Innovation Ltd,25 Oct 2024,Right Issue of Equity Shares ,25 Oct 2024,-,-,25 Oct 2024,25 Oct 2024,-
534060,PMCFIN,PMC Fincorp Ltd,25 Oct 2024,Right Issue of Equity Shares ,25 Oct 2024,-,-,25 Oct 2024,25 Oct 2024,-
540259,SHANGAR,Shangar Decor Ltd,28 Oct 2024,Right Issue of Equity Shares ,28 Oct 2024,-,-,28 Oct 2024,28 Oct 2024,-
524434,ASINPET,Asian Petroproducts & Exports Ltd,30 Oct 2024,Right Issue of Equity Shares ,30 Oct 2024,-,-,30 Oct 2024,30 Oct 2024,-
530095,PRADHIN,Pradhin Ltd,14 Nov 2024,Right Issue of Equity Shares ,14 Nov 2024,-,-,14 Nov 2024,14 Nov 2024,-
517554,NHCFOODS,NHC Foods Ltd,26 Nov 2024,Right Issue of Equity Shares ,26 Nov 2024,-,-,26 Nov 2024,26 Nov 2024,-
512070,UPL,UPL Ltd,26 Nov 2024,Right Issue of Equity Shares ,26 Nov 2024,-,-,26 Nov 2024,26 Nov 2024,-
526544,SGLRES,SGL Resources Ltd,27 Nov 2024,Right Issue of Equity Shares ,27 Nov 2024,-,-,27 Nov 2024,27 Nov 2024,-
512441,ENBETRD,Enbee Trade & Finance Ltd,28 Nov 2024,Right Issue of Equity Shares ,28 Nov 2024,-,-,28 Nov 2024,28 Nov 2024,-
531402,LWSKNIT,LWS Knitwear Ltd,28 Nov 2024,Right Issue of Equity Shares ,28 Nov 2024,-,-,28 Nov 2024,28 Nov 2024,-
542446,JONJUA,Jonjua Overseas Ltd,29 Nov 2024,Right Issue of Equity Shares ,29 Nov 2024,-,-,29 Nov 2024,29 Nov 2024,-
523796,VHLTD,Viceroy Hotels Ltd,29 Nov 2024,Right Issue of Equity Shares ,29 Nov 2024,-,-,29 Nov 2024,29 Nov 2024,-
513536,GNRL,Gujarat Natural Resources Ltd,03 Dec 2024,Right Issue of Equity Shares ,03 Dec 2024,-,-,03 Dec 2024,03 Dec 2024,-
530167,MONGIPA,Moongipa Capital Finance Ltd,03 Dec 2024,Right Issue of Equity Shares ,03 Dec 2024,-,-,03 Dec 2024,03 Dec 2024,-
531525,ACESOFT,ACE Software Exports Ltd,05 Dec 2024,Right Issue of Equity Shares ,05 Dec 2024,-,-,05 Dec 2024,05 Dec 2024,-
538565,VISTARAMAR,Vistar Amar Ltd,06 Dec 2024,Right Issue of Equity Shares ,06 Dec 2024,-,-,06 Dec 2024,06 Dec 2024,-
538452,QUASAR,Quasar India Ltd,11 Dec 2024,Right Issue of Equity Shares ,11 Dec 2024,-,-,11 Dec 2024,11 Dec 2024,-
511589,AVONMORE,Avonmore Capital & Management Services Ltd,12 Dec 2024,Right Issue of Equity Shares ,12 Dec 2024,-,-,12 Dec 2024,12 Dec 2024,-
511764,AASTAFIN,Aastamangalam Finance Ltd,13 Dec 2024,Right Issue of Equity Shares ,13 Dec 2024,-,-,13 Dec 2024,13 Dec 2024,-
542724,MURAE,Murae Organisor Ltd,19 Dec 2024,Right Issue of Equity Shares ,19 Dec 2024,-,-,19 Dec 2024,19 Dec 2024,-
531417,MEGACOR,Mega Corporation Ltd,20 Dec 2024,Right Issue of Equity Shares ,20 Dec 2024,-,-,20 Dec 2024,20 Dec 2024,-
530109,ANUPAM,Anupam Finserv Ltd,27 Dec 2024,Right Issue of Equity Shares ,27 Dec 2024,-,-,27 Dec 2024,27 Dec 2024,-
532180,DHANBANK,Dhanlaxmi Bank Ltd,27 Dec 2024,Right Issue of Equity Shares ,27 Dec 2024,-,-,27 Dec 2024,27 Dec 2024,-
511557,PROFINC,Pro Fin Capital Services Ltd,31 Dec 2024,Right Issue of Equity Shares ,31 Dec 2024,-,-,31 Dec 2024,31 Dec 2024,-
539584,SIPTL,Sharanam Infraproject and Trading Ltd,31 Dec 2024,Right Issue of Equity Shares ,31 Dec 2024,-,-,31 Dec 2024,31 Dec 2024,-
512091,NIBEORD,Nibe Ordnance and Maritime Ltd,07 Jan 2025,Right Issue of Equity Shares ,07 Jan 2025,-,-,07 Jan 2025,07 Jan 2025,-
532834,CAMLINFINE,Camlin Fine Sciences Ltd,08 Jan 2025,Right Issue of Equity Shares ,08 Jan 2025,-,-,08 Jan 2025,08 Jan 2025,-
530457,GTTDATA,GTT Data Solutions Ltd,14 Jan 2025,Right Issue of Equity Shares ,14 Jan 2025,-,-,14 Jan 2025,14 Jan 2025,-
532386,CALSOFT,California Software Company Ltd,15 Jan 2025,Right Issue of Equity Shares ,15 Jan 2025,-,-,15 Jan 2025,15 Jan 2025,-
538706,ULTRACAB,Ultracab (India) Ltd,16 Jan 2025,Right Issue of Equity Shares ,16 Jan 2025,-,-,16 Jan 2025,16 Jan 2025,-
539692,IFINSER,Interactive Financial Services Ltd,17 Jan 2025,Right Issue of Equity Shares ,17 Jan 2025,-,-,17 Jan 2025,17 Jan 2025,-
524614,INDXTRA,IEL Ltd,17 Jan 2025,Right Issue of Equity Shares ,17 Jan 2025,-,-,17 Jan 2025,17 Jan 2025,-
504397,GANHOLD,Ganesh Holdings Ltd,05 Feb 2025,Right Issue of Equity Shares ,05 Feb 2025,-,-,05 Feb 2025,05 Feb 2025,-
505336,HARSHILAGR,Harshil Agrotech Ltd,05 Feb 2025,Right Issue of Equity Shares ,05 Feb 2025,-,-,05 Feb 2025,05 Feb 2025,-
513250,JYOTISTRUC,Jyoti Structures Ltd,10 Feb 2025,Right Issue of Equity Shares ,10 Feb 2025,-,-,10 Feb 2025,10 Feb 2025,-
537707,ETT,ETT Ltd,11 Feb 2025,Right Issue of Equity Shares ,11 Feb 2025,-,-,11 Feb 2025,11 Feb 2025,-
533158,THANGAMAYL,Thangamayil Jewellery Ltd,11 Feb 2025,Right Issue of Equity Shares ,11 Feb 2025,-,-,11 Feb 2025,11 Feb 2025,-
506122,VOLKAI,Kairosoft AI Solutions Ltd,11 Feb 2025,Right Issue of Equity Shares ,11 Feb 2025,-,-,11 Feb 2025,11 Feb 2025,-
507962,RAJATH,Rajath Finance Ltd,21 Feb 2025,Right Issue of Equity Shares ,21 Feb 2025,-,-,21 Feb 2025,21 Feb 2025,-
538897,SHRINIWAS,Shri Niwas Leasing And Finance Ltd,27 Feb 2025,Right Issue of Equity Shares ,27 Feb 2025,-,-,27 Feb 2025,27 Feb 2025,-
500365,WELSPLSOL,Welspun Specialty Solutions Ltd,28 Feb 2025,Right Issue of Equity Shares ,01 Mar 2025,-,-,28 Feb 2025,28 Feb 2025,-
531671,BISIL,Bisil Plast Ltd,07 Mar 2025,Right Issue of Equity Shares ,08 Mar 2025,-,-,07 Mar 2025,07 Mar 2025,-
544281,ABINFRA,A B Infrabuild Ltd,10 Mar 2025,Right Issue of Equity Shares ,10 Mar 2025,-,-,10 Mar 2025,10 Mar 2025,-
530627,VIPULORG,Vipul Organics Ltd,10 Mar 2025,Right Issue of Equity Shares ,10 Mar 2025,-,-,10 Mar 2025,10 Mar 2025,-
